"Label (Grouping)","HOUSEHOLD INCOME BY RACE AND HISPANIC OR LATINO ORIGIN OF HOUSEHOLDER","HOUSEHOLD INCOME BY RACE AND HISPANIC OR LATINO ORIGIN OF HOUSEHOLDER!!Households","HOUSEHOLD INCOME BY RACE AND HISPANIC OR LATINO ORIGIN OF HOUSEHOLDER!!Households!!One race--","HOUSEHOLD INCOME BY RACE AND HISPANIC OR LATINO ORIGIN OF HOUSEHOLDER!!Households!!One race--!!White","HOUSEHOLD INCOME BY RACE AND HISPANIC OR LATINO ORIGIN OF HOUSEHOLDER!!Households!!One race--!!Black or African American","HOUSEHOLD INCOME BY RACE AND HISPANIC OR LATINO ORIGIN OF HOUSEHOLDER!!Households!!One race--!!American Indian and Alaska Native","HOUSEHOLD INCOME BY RACE AND HISPANIC OR LATINO ORIGIN OF HOUSEHOLDER!!Households!!One race--!!Asian","HOUSEHOLD INCOME BY RACE AND HISPANIC OR LATINO ORIGIN OF HOUSEHOLDER!!Households!!One race--!!Native Hawaiian and Other Pacific Islander","HOUSEHOLD INCOME BY RACE AND HISPANIC OR LATINO ORIGIN OF HOUSEHOLDER!!Households!!One race--!!Some other race","HOUSEHOLD INCOME BY RACE AND HISPANIC OR LATINO ORIGIN OF HOUSEHOLDER!!Households!!Two or more races","HOUSEHOLD INCOME BY RACE AND HISPANIC OR LATINO ORIGIN OF HOUSEHOLDER!!Households!!Hispanic or Latino origin (of any race)","HOUSEHOLD INCOME BY RACE AND HISPANIC OR LATINO ORIGIN OF HOUSEHOLDER!!Households!!White alone, not Hispanic or Latino","HOUSEHOLD INCOME BY AGE OF HOUSEHOLDER","HOUSEHOLD INCOME BY AGE OF HOUSEHOLDER!!15 to 24 years","HOUSEHOLD INCOME BY AGE OF HOUSEHOLDER!!25 to 44 years","HOUSEHOLD INCOME BY AGE OF HOUSEHOLDER!!45 to 64 years","HOUSEHOLD INCOME BY AGE OF HOUSEHOLDER!!65 years and over","FAMILIES","FAMILIES!!Families","FAMILIES!!Families!!With own children of householder under 18 years","FAMILIES!!Families!!With no own children of householder under 18 years","FAMILIES!!Families!!Married-couple families","FAMILIES!!Families!!Married-couple families!!With own children under 18 years","FAMILIES!!Families!!Female householder, no spouse present","FAMILIES!!Families!!Female householder, no spouse present!!With own children under 18 years","FAMILIES!!Families!!Male householder, no spouse present","FAMILIES!!Families!!Male householder, no spouse present!!With own children under 18 years","FAMILY INCOME BY FAMILY SIZE","FAMILY INCOME BY FAMILY SIZE!!2-person families","FAMILY INCOME BY FAMILY SIZE!!3-person families","FAMILY INCOME BY FAMILY SIZE!!4-person families","FAMILY INCOME BY FAMILY SIZE!!5-person families","FAMILY INCOME BY FAMILY SIZE!!6-person families","FAMILY INCOME BY FAMILY SIZE!!7-or-more person families","FAMILY INCOME BY NUMBER OF EARNERS","FAMILY INCOME BY NUMBER OF EARNERS!!No earners","FAMILY INCOME BY NUMBER OF EARNERS!!1 earner","FAMILY INCOME BY NUMBER OF EARNERS!!2 earners","FAMILY INCOME BY NUMBER OF EARNERS!!3 or more earners","NONFAMILY HOUSEHOLDS","NONFAMILY HOUSEHOLDS!!Nonfamily households","NONFAMILY HOUSEHOLDS!!Nonfamily households!!Female householder","NONFAMILY HOUSEHOLDS!!Nonfamily households!!Female householder!!Living alone","NONFAMILY HOUSEHOLDS!!Nonfamily households!!Female householder!!Not living alone","NONFAMILY HOUSEHOLDS!!Nonfamily households!!Male householder","NONFAMILY HOUSEHOLDS!!Nonfamily households!!Male householder!!Living alone","NONFAMILY HOUSEHOLDS!!Nonfamily households!!Male householder!!Not living alone"
"Census Tract 4211, Alameda County, California","","","","","","","","","","","","","","","","","","","","","","","","","","","","","","","","","","","","","","","","","","","","","","",""
"    Number","","","","","","","","","","","","","","","","","","","","","","","","","","","","","","","","","","","","","","","","","","","","","","",""
"        Estimate","","845","","753","13","0","74","0","0","5","8","745","","0","140","240","465","","617","199","418","550","161","61","32","6","6","","380","121","86","21","9","0","","117","214","252","34","","228","90","76","14","138","57","81"
"    Percent Distribution","","","","","","","","","","","","","","","","","","","","","","","","","","","","","","","","","","","","","","","","","","","","","","",""
"        Estimate","","845","","89.1%","1.5%","0.0%","8.8%","0.0%","0.0%","0.6%","0.9%","88.2%","","0.0%","16.6%","28.4%","55.0%","","617","32.3%","67.7%","89.1%","26.1%","9.9%","5.2%","1.0%","1.0%","","61.6%","19.6%","13.9%","3.4%","1.5%","0.0%","","19.0%","34.7%","40.8%","5.5%","","228","39.5%","33.3%","6.1%","60.5%","25.0%","35.5%"
"    Median income (dollars)","","","","","","","","","","","","","","","","","","","","","","","","","","","","","","","","","","","","","","","","","","","","","","",""
"        Estimate","","206,199","","205,842","-","-","250,000+","-","-","-","-","205,638","","-","250,000+","195,714","205,536","","218,750","219,886","218,056","250,000+","250,000+","-","-","-","-","","180,227","250,000+","250,000+","250,000+","-","-","","168,250","178,750","250,000+","250,000+","","130,500","-","-","-","176,250","89,792","206,101"
"Census Tract 4212, Alameda County, California","","","","","","","","","","","","","","","","","","","","","","","","","","","","","","","","","","","","","","","","","","","","","","",""
"    Number","","","","","","","","","","","","","","","","","","","","","","","","","","","","","","","","","","","","","","","","","","","","","","",""
"        Estimate","","1,429","","1,187","8","0","166","0","12","56","13","1,174","","6","226","474","723","","1,054","391","663","959","341","50","21","45","29","","552","161","276","65","0","0","","153","153","630","118","","375","284","224","60","91","54","37"
"    Percent Distribution","","","","","","","","","","","","","","","","","","","","","","","","","","","","","","","","","","","","","","","","","","","","","","",""
"        Estimate","","1,429","","83.1%","0.6%","0.0%","11.6%","0.0%","0.8%","3.9%","0.9%","82.2%","","0.4%","15.8%","33.2%","50.6%","","1,054","37.1%","62.9%","91.0%","32.4%","4.7%","2.0%","4.3%","2.8%","","52.4%","15.3%","26.2%","6.2%","0.0%","0.0%","","14.5%","14.5%","59.8%","11.2%","","375","75.7%","59.7%","16.0%","24.3%","14.4%","9.9%"
"    Median income (dollars)","","","","","","","","","","","","","","","","","","","","","","","","","","","","","","","","","","","","","","","","","","","","","","",""
"        Estimate","","198,576","","203,750","-","-","-","-","-","145,645","-","209,063","","-","250,000+","250,000+","148,854","","250,000+","250,000+","202,250","250,000+","250,000+","250,000+","-","108,869","-","","198,587","250,000+","250,000+","-","-","-","","132,386","174,792","250,000+","250,000+","","95,302","96,638","96,100","153,750","-","-","-"
"Census Tract 4213, Alameda County, California","","","","","","","","","","","","","","","","","","","","","","","","","","","","","","","","","","","","","","","","","","","","","","",""
"    Number","","","","","","","","","","","","","","","","","","","","","","","","","","","","","","","","","","","","","","","","","","","","","","",""
"        Estimate","","1,729","","1,338","9","6","261","0","39","76","56","1,316","","11","251","700","767","","1,086","397","689","904","341","154","44","28","12","","623","227","218","18","0","0","","167","237","588","94","","643","506","456","50","137","75","62"
"    Percent Distribution","","","","","","","","","","","","","","","","","","","","","","","","","","","","","","","","","","","","","","","","","","","","","","",""
"        Estimate","","1,729","","77.4%","0.5%","0.3%","15.1%","0.0%","2.3%","4.4%","3.2%","76.1%","","0.6%","14.5%","40.5%","44.4%","","1,086","36.6%","63.4%","83.2%","31.4%","14.2%","4.1%","2.6%","1.1%","","57.4%","20.9%","20.1%","1.7%","0.0%","0.0%","","15.4%","21.8%","54.1%","8.7%","","643","78.7%","70.9%","7.8%","21.3%","11.7%","9.6%"
"    Median income (dollars)","","","","","","","","","","","","","","","","","","","","","","","","","","","","","","","","","","","","","","","","","","","","","","",""
"        Estimate","","152,679","","154,643","-","-","-","-","-","50,690","223,971","154,286","","-","243,125","162,286","92,465","","197,045","218,036","166,250","212,500","247,708","-","95,769","86,250","-","","161,151","216,927","250,000+","-","-","-","","102,917","97,404","223,456","250,000+","","46,469","37,778","-","-","91,736","77,446","183,889"
"Census Tract 4214, Alameda County, California","","","","","","","","","","","","","","","","","","","","","","","","","","","","","","","","","","","","","","","","","","","","","","",""
"    Number","","","","","","","","","","","","","","","","","","","","","","","","","","","","","","","","","","","","","","","","","","","","","","",""
"        Estimate","","637","","546","18","6","57","0","7","3","18","542","","0","90","193","354","","413","120","293","364","90","22","14","27","16","","246","77","60","19","0","11","","113","119","137","44","","224","150","81","69","74","53","21"
"    Percent Distribution","","","","","","","","","","","","","","","","","","","","","","","","","","","","","","","","","","","","","","","","","","","","","","",""
"        Estimate","","637","","85.7%","2.8%","0.9%","8.9%","0.0%","1.1%","0.5%","2.8%","85.1%","","0.0%","14.1%","30.3%","55.6%","","413","29.1%","70.9%","88.1%","21.8%","5.3%","3.4%","6.5%","3.9%","","59.6%","18.6%","14.5%","4.6%","0.0%","2.7%","","27.4%","28.8%","33.2%","10.7%","","224","67.0%","36.2%","30.8%","33.0%","23.7%","9.4%"
"    Median income (dollars)","","","","","","","","","","","","","","","","","","","","","","","","","","","","","","","","","","","","","","","","","","","","","","",""
"        Estimate","","180,625","","185,208","-","-","135,114","-","-","-","136,364","184,583","","-","156,000","186,250","161,250","","210,417","187,143","210,917","221,250","240,500","-","-","-","-","","194,375","250,000+","225,000","242,250","-","-","","103,438","250,000+","209,926","250,000+","","130,000","91,875","-","-","149,643","149,375","155,750"
"Census Tract 4215, Alameda County, California","","","","","","","","","","","","","","","","","","","","","","","","","","","","","","","","","","","","","","","","","","","","","","",""
"    Number","","","","","","","","","","","","","","","","","","","","","","","","","","","","","","","","","","","","","","","","","","","","","","",""
"        Estimate","","1,566","","1,323","9","0","189","0","29","16","42","1,311","","0","252","663","651","","980","323","657","905","305","46","18","29","0","","528","188","228","36","0","0","","111","289","558","22","","586","303","194","109","283","244","39"
"    Percent Distribution","","","","","","","","","","","","","","","","","","","","","","","","","","","","","","","","","","","","","","","","","","","","","","",""
"        Estimate","","1,566","","84.5%","0.6%","0.0%","12.1%","0.0%","1.9%","1.0%","2.7%","83.7%","","0.0%","16.1%","42.3%","41.6%","","980","33.0%","67.0%","92.3%","31.1%","4.7%","1.8%","3.0%","0.0%","","53.9%","19.2%","23.3%","3.7%","0.0%","0.0%","","11.3%","29.5%","56.9%","2.2%","","586","51.7%","33.1%","18.6%","48.3%","41.6%","6.7%"
"    Median income (dollars)","","","","","","","","","","","","","","","","","","","","","","","","","","","","","","","","","","","","","","","","","","","","","","",""
"        Estimate","","190,484","","190,202","-","-","176,094","-","250,000+","-","250,000+","189,539","","-","229,643","202,350","159,531","","244,732","250,000+","207,639","249,792","250,000+","159,063","-","-","-","","200,400","250,000+","250,000+","250,000+","-","-","","156,406","201,350","250,000+","212,500","","134,167","145,341","111,250","153,665","123,229","123,542","-"
"Census Tract 4216, Alameda County, California","","","","","","","","","","","","","","","","","","","","","","","","","","","","","","","","","","","","","","","","","","","","","","",""
"    Number","","","","","","","","","","","","","","","","","","","","","","","","","","","","","","","","","","","","","","","","","","","","","","",""
"        Estimate","","1,504","","1,178","27","0","215","9","26","49","34","1,178","","13","283","574","634","","1,032","318","714","891","239","108","62","33","17","","575","263","181","2","0","11","","209","349","428","46","","472","311","216","95","161","146","15"
"    Percent Distribution","","","","","","","","","","","","","","","","","","","","","","","","","","","","","","","","","","","","","","","","","","","","","","",""
"        Estimate","","1,504","","78.3%","1.8%","0.0%","14.3%","0.6%","1.7%","3.3%","2.3%","78.3%","","0.9%","18.8%","38.2%","42.2%","","1,032","30.8%","69.2%","86.3%","23.2%","10.5%","6.0%","3.2%","1.6%","","55.7%","25.5%","17.5%","0.2%","0.0%","1.1%","","20.3%","33.8%","41.5%","4.5%","","472","65.9%","45.8%","20.1%","34.1%","30.9%","3.2%"
"    Median income (dollars)","","","","","","","","","","","","","","","","","","","","","","","","","","","","","","","","","","","","","","","","","","","","","","",""
"        Estimate","","186,563","","154,327","-","-","193,353","-","250,000+","-","-","154,327","","-","164,375","194,663","134,474","","192,476","239,659","190,601","199,141","250,000+","134,167","-","210,625","250,000+","","160,469","191,695","250,000+","-","-","-","","102,313","190,589","250,000+","250,000+","","102,833","99,844","87,500","125,707","114,013","-","-"
"Census Tract 4217, Alameda County, California","","","","","","","","","","","","","","","","","","","","","","","","","","","","","","","","","","","","","","","","","","","","","","",""
"    Number","","","","","","","","","","","","","","","","","","","","","","","","","","","","","","","","","","","","","","","","","","","","","","",""
"        Estimate","","1,728","","1,276","12","29","308","0","53","50","130","1,228","","54","610","438","626","","658","274","384","618","264","25","0","15","10","","374","103","134","25","22","0","","182","206","270","0","","1,070","560","387","173","510","283","227"
"    Percent Distribution","","","","","","","","","","","","","","","","","","","","","","","","","","","","","","","","","","","","","","","","","","","","","","",""
"        Estimate","","1,728","","73.8%","0.7%","1.7%","17.8%","0.0%","3.1%","2.9%","7.5%","71.1%","","3.1%","35.3%","25.3%","36.2%","","658","41.6%","58.4%","93.9%","40.1%","3.8%","0.0%","2.3%","1.5%","","56.8%","15.7%","20.4%","3.8%","3.3%","0.0%","","27.7%","31.3%","41.0%","0.0%","","1,070","52.3%","36.2%","16.2%","47.7%","26.4%","21.2%"
"    Median income (dollars)","","","","","","","","","","","","","","","","","","","","","","","","","","","","","","","","","","","","","","","","","","","","","","",""
"        Estimate","","89,931","","96,452","-","-","81,843","-","-","173,500","-","96,452","","-","98,750","121,429","80,818","","149,464","228,393","122,727","152,667","228,839","-","-","-","-","","116,786","250,000+","163,750","-","-","-","","-","170,500","162,222","-","","80,117","75,720","80,035","75,657","95,565","85,179","97,440"
"Census Tract 4218, Alameda County, California","","","","","","","","","","","","","","","","","","","","","","","","","","","","","","","","","","","","","","","","","","","","","","",""
"    Number","","","","","","","","","","","","","","","","","","","","","","","","","","","","","","","","","","","","","","","","","","","","","","",""
"        Estimate","","918","","743","5","6","135","0","2","27","46","713","","5","240","389","284","","507","222","285","446","188","37","21","24","13","","264","140","76","17","10","0","","107","137","234","29","","411","250","161","89","161","127","34"
"    Percent Distribution","","","","","","","","","","","","","","","","","","","","","","","","","","","","","","","","","","","","","","","","","","","","","","",""
"        Estimate","","918","","80.9%","0.5%","0.7%","14.7%","0.0%","0.2%","2.9%","5.0%","77.7%","","0.5%","26.1%","42.4%","30.9%","","507","43.8%","56.2%","88.0%","37.1%","7.3%","4.1%","4.7%","2.6%","","52.1%","27.6%","15.0%","3.4%","2.0%","0.0%","","21.1%","27.0%","46.2%","5.7%","","411","60.8%","39.2%","21.7%","39.2%","30.9%","8.3%"
"    Median income (dollars)","","","","","","","","","","","","","","","","","","","","","","","","","","","","","","","","","","","","","","","","","","","","","","",""
"        Estimate","","151,393","","151,089","-","-","154,792","-","-","238,750","139,167","151,268","","-","154,695","151,875","138,704","","169,962","184,643","167,546","178,000","208,750","96,250","-","134,038","-","","147,727","221,250","203,750","-","-","-","","138,843","195,694","186,667","154,792","","109,911","70,625","45,673","153,536","150,589","150,411","250,000+"
"Census Tract 4219, Alameda County, California","","","","","","","","","","","","","","","","","","","","","","","","","","","","","","","","","","","","","","","","","","","","","","",""
"    Number","","","","","","","","","","","","","","","","","","","","","","","","","","","","","","","","","","","","","","","","","","","","","","",""
"        Estimate","","1,700","","1,188","136","5","239","0","31","101","115","1,085","","8","543","732","417","","1,090","499","591","918","417","166","82","6","0","","494","208","298","90","0","0","","111","234","588","157","","610","320","252","68","290","209","81"
"    Percent Distribution","","","","","","","","","","","","","","","","","","","","","","","","","","","","","","","","","","","","","","","","","","","","","","",""
"        Estimate","","1,700","","69.9%","8.0%","0.3%","14.1%","0.0%","1.8%","5.9%","6.8%","63.8%","","0.5%","31.9%","43.1%","24.5%","","1,090","45.8%","54.2%","84.2%","38.3%","15.2%","7.5%","0.6%","0.0%","","45.3%","19.1%","27.3%","8.3%","0.0%","0.0%","","10.2%","21.5%","53.9%","14.4%","","610","52.5%","41.3%","11.1%","47.5%","34.3%","13.3%"
"    Median income (dollars)","","","","","","","","","","","","","","","","","","","","","","","","","","","","","","","","","","","","","","","","","","","","","","",""
"        Estimate","","115,583","","119,250","90,641","-","120,913","-","-","150,125","115,060","126,106","","-","151,625","108,000","71,250","","143,547","226,964","122,083","165,486","239,531","92,446","114,405","-","-","","127,283","120,673","250,000+","-","-","-","","116,964","120,192","169,091","-","","64,674","63,824","45,652","146,071","70,625","47,452","117,361"
"Census Tract 4220, Alameda County, California","","","","","","","","","","","","","","","","","","","","","","","","","","","","","","","","","","","","","","","","","","","","","","",""
"    Number","","","","","","","","","","","","","","","","","","","","","","","","","","","","","","","","","","","","","","","","","","","","","","",""
"        Estimate","","1,041","","681","44","0","160","0","22","134","82","660","","36","457","320","228","","483","170","313","322","96","151","74","10","0","","341","90","31","10","11","0","","23","173","282","5","","558","357","274","83","201","159","42"
"    Percent Distribution","","","","","","","","","","","","","","","","","","","","","","","","","","","","","","","","","","","","","","","","","","","","","","",""
"        Estimate","","1,041","","65.4%","4.2%","0.0%","15.4%","0.0%","2.1%","12.9%","7.9%","63.4%","","3.5%","43.9%","30.7%","21.9%","","483","35.2%","64.8%","66.7%","19.9%","31.3%","15.3%","2.1%","0.0%","","70.6%","18.6%","6.4%","2.1%","2.3%","0.0%","","4.8%","35.8%","58.4%","1.0%","","558","64.0%","49.1%","14.9%","36.0%","28.5%","7.5%"
"    Median income (dollars)","","","","","","","","","","","","","","","","","","","","","","","","","","","","","","","","","","","","","","","","","","","","","","",""
"        Estimate","","125,218","","125,567","40,694","-","163,167","-","-","55,521","-","125,727","","68,816","149,663","94,219","125,762","","118,068","81,250","163,693","168,625","104,333","83,672","76,667","-","-","","144,028","76,979","250,000+","-","-","-","","82,292","76,406","168,750","-","","125,648","125,633","113,750","203,162","125,938","105,750","166,667"
"Census Tract 4221, Alameda County, California","","","","","","","","","","","","","","","","","","","","","","","","","","","","","","","","","","","","","","","","","","","","","","",""
"    Number","","","","","","","","","","","","","","","","","","","","","","","","","","","","","","","","","","","","","","","","","","","","","","",""
"        Estimate","","1,279","","810","127","0","155","0","96","91","161","780","","50","356","436","437","","748","360","388","456","198","143","63","149","99","","359","163","161","40","6","19","","62","196","454","36","","531","336","254","82","195","158","37"
"    Percent Distribution","","","","","","","","","","","","","","","","","","","","","","","","","","","","","","","","","","","","","","","","","","","","","","",""
"        Estimate","","1,279","","63.3%","9.9%","0.0%","12.1%","0.0%","7.5%","7.1%","12.6%","61.0%","","3.9%","27.8%","34.1%","34.2%","","748","48.1%","51.9%","61.0%","26.5%","19.1%","8.4%","19.9%","13.2%","","48.0%","21.8%","21.5%","5.3%","0.8%","2.5%","","8.3%","26.2%","60.7%","4.8%","","531","63.3%","47.8%","15.4%","36.7%","29.8%","7.0%"
"    Median income (dollars)","","","","","","","","","","","","","","","","","","","","","","","","","","","","","","","","","","","","","","","","","","","","","","",""
"        Estimate","","98,083","","103,264","-","-","108,542","-","-","139,583","101,528","104,306","","133,409","134,667","94,423","-","","98,333","138,690","89,939","140,833","213,750","87,723","-","-","-","","78,906","179,659","141,042","-","-","-","","-","51,100","139,881","-","","62,159","-","-","133,333","61,705","56,813","132,898"
"Census Tract 4222, Alameda County, California","","","","","","","","","","","","","","","","","","","","","","","","","","","","","","","","","","","","","","","","","","","","","","",""
"    Number","","","","","","","","","","","","","","","","","","","","","","","","","","","","","","","","","","","","","","","","","","","","","","",""
"        Estimate","","1,431","","1,123","34","0","151","1","0","122","199","986","","34","711","355","331","","705","349","356","562","263","73","45","70","41","","337","194","60","102","12","0","","50","274","347","34","","726","349","268","81","377","315","62"
"    Percent Distribution","","","","","","","","","","","","","","","","","","","","","","","","","","","","","","","","","","","","","","","","","","","","","","",""
"        Estimate","","1,431","","78.5%","2.4%","0.0%","10.6%","0.1%","0.0%","8.5%","13.9%","68.9%","","2.4%","49.7%","24.8%","23.1%","","705","49.5%","50.5%","79.7%","37.3%","10.4%","6.4%","9.9%","5.8%","","47.8%","27.5%","8.5%","14.5%","1.7%","0.0%","","7.1%","38.9%","49.2%","4.8%","","726","48.1%","36.9%","11.2%","51.9%","43.4%","8.5%"
"    Median income (dollars)","","","","","","","","","","","","","","","","","","","","","","","","","","","","","","","","","","","","","","","","","","","","","","",""
"        Estimate","","93,432","","94,904","96,250","-","93,185","-","-","-","-","94,038","","-","93,363","111,205","61,295","","123,942","145,972","121,750","145,926","147,361","111,741","110,491","-","149,063","","119,188","161,042","240,938","81,500","-","-","","118,864","82,088","162,396","170,625","","56,585","44,917","47,955","-","71,250","-","-"
"Census Tract 4223, Alameda County, California","","","","","","","","","","","","","","","","","","","","","","","","","","","","","","","","","","","","","","","","","","","","","","",""
"    Number","","","","","","","","","","","","","","","","","","","","","","","","","","","","","","","","","","","","","","","","","","","","","","",""
"        Estimate","","1,652","","1,188","91","3","291","0","19","60","64","1,153","","113","640","434","465","","782","253","529","646","212","120","25","16","16","","456","164","116","21","25","0","","146","167","462","7","","870","477","356","121","393","263","130"
"    Percent Distribution","","","","","","","","","","","","","","","","","","","","","","","","","","","","","","","","","","","","","","","","","","","","","","",""
"        Estimate","","1,652","","71.9%","5.5%","0.2%","17.6%","0.0%","1.2%","3.6%","3.9%","69.8%","","6.8%","38.7%","26.3%","28.1%","","782","32.4%","67.6%","82.6%","27.1%","15.3%","3.2%","2.0%","2.0%","","58.3%","21.0%","14.8%","2.7%","3.2%","0.0%","","18.7%","21.4%","59.1%","0.9%","","870","54.8%","40.9%","13.9%","45.2%","30.2%","14.9%"
"    Median income (dollars)","","","","","","","","","","","","","","","","","","","","","","","","","","","","","","","","","","","","","","","","","","","","","","",""
"        Estimate","","83,214","","92,273","-","-","77,621","-","106,250","-","-","97,917","","-","92,500","104,519","72,156","","153,456","199,375","127,560","163,750","205,000","71,500","-","-","-","","140,417","147,083","202,727","-","-","-","","127,738","78,347","176,413","-","","50,885","50,339","40,608","-","58,750","-","85,288"
"Census Tract 4224, Alameda County, California","","","","","","","","","","","","","","","","","","","","","","","","","","","","","","","","","","","","","","","","","","","","","","",""
"    Number","","","","","","","","","","","","","","","","","","","","","","","","","","","","","","","","","","","","","","","","","","","","","","",""
"        Estimate","","1,936","","1,063","39","0","602","0","111","121","245","913","","395","790","395","356","","616","105","511","538","88","33","0","45","17","","428","15","88","85","0","0","","123","196","206","91","","1,320","643","271","372","677","365","312"
"    Percent Distribution","","","","","","","","","","","","","","","","","","","","","","","","","","","","","","","","","","","","","","","","","","","","","","",""
"        Estimate","","1,936","","54.9%","2.0%","0.0%","31.1%","0.0%","5.7%","6.3%","12.7%","47.2%","","20.4%","40.8%","20.4%","18.4%","","616","17.0%","83.0%","87.3%","14.3%","5.4%","0.0%","7.3%","2.8%","","69.5%","2.4%","14.3%","13.8%","0.0%","0.0%","","20.0%","31.8%","33.4%","14.8%","","1,320","48.7%","20.5%","28.2%","51.3%","27.7%","23.6%"
"    Median income (dollars)","","","","","","","","","","","","","","","","","","","","","","","","","","","","","","","","","","","","","","","","","","","","","","",""
"        Estimate","","62,184","","72,798","-","-","43,667","-","-","51,659","61,832","73,750","","21,625","107,917","64,707","49,500","","71,964","-","75,260","-","-","-","-","79,018","-","","64,894","-","-","-","-","-","","-","62,979","135,667","250,000+","","51,331","70,950","-","77,250","47,227","41,197","69,219"
"Census Tract 4225, Alameda County, California","","","","","","","","","","","","","","","","","","","","","","","","","","","","","","","","","","","","","","","","","","","","","","",""
"    Number","","","","","","","","","","","","","","","","","","","","","","","","","","","","","","","","","","","","","","","","","","","","","","",""
"        Estimate","","1,656","","913","61","88","488","9","0","97","113","873","","315","581","551","209","","497","118","379","354","96","59","13","84","9","","328","118","46","5","0","0","","99","139","195","64","","1,159","386","225","161","773","578","195"
"    Percent Distribution","","","","","","","","","","","","","","","","","","","","","","","","","","","","","","","","","","","","","","","","","","","","","","",""
"        Estimate","","1,656","","55.1%","3.7%","5.3%","29.5%","0.5%","0.0%","5.9%","6.8%","52.7%","","19.0%","35.1%","33.3%","12.6%","","497","23.7%","76.3%","71.2%","19.3%","11.9%","2.6%","16.9%","1.8%","","66.0%","23.7%","9.3%","1.0%","0.0%","0.0%","","19.9%","28.0%","39.2%","12.9%","","1,159","33.3%","19.4%","13.9%","66.7%","49.9%","16.8%"
"    Median income (dollars)","","","","","","","","","","","","","","","","","","","","","","","","","","","","","","","","","","","","","","","","","","","","","","",""
"        Estimate","","52,917","","41,726","8,966","-","52,778","-","-","-","90,293","44,107","","26,338","64,148","-","98,385","","103,309","106,250","99,635","138,333","103,056","-","-","91,211","-","","133,438","91,133","250,000+","-","-","-","","97,969","104,531","142,026","-","","34,043","43,929","36,250","49,306","33,630","33,397","65,694"
"Census Tract 4227, Alameda County, California","","","","","","","","","","","","","","","","","","","","","","","","","","","","","","","","","","","","","","","","","","","","","","",""
"    Number","","","","","","","","","","","","","","","","","","","","","","","","","","","","","","","","","","","","","","","","","","","","","","",""
"        Estimate","","1,005","","573","20","46","266","0","19","81","79","541","","376","369","151","109","","146","19","127","121","19","4","0","21","0","","107","11","28","0","0","0","","18","47","72","9","","859","287","81","206","572","341","231"
"    Percent Distribution","","","","","","","","","","","","","","","","","","","","","","","","","","","","","","","","","","","","","","","","","","","","","","",""
"        Estimate","","1,005","","57.0%","2.0%","4.6%","26.5%","0.0%","1.9%","8.1%","7.9%","53.8%","","37.4%","36.7%","15.0%","10.8%","","146","13.0%","87.0%","82.9%","13.0%","2.7%","0.0%","14.4%","0.0%","","73.3%","7.5%","19.2%","0.0%","0.0%","0.0%","","12.3%","32.2%","49.3%","6.2%","","859","33.4%","9.4%","24.0%","66.6%","39.7%","26.9%"
"    Median income (dollars)","","","","","","","","","","","","","","","","","","","","","","","","","","","","","","","","","","","","","","","","","","","","","","",""
"        Estimate","","48,125","","49,596","-","-","48,438","-","-","-","-","49,669","","-","-","-","156,932","","156,136","-","153,750","154,028","-","-","-","-","-","","-","-","159,286","-","-","-","","-","-","174,079","-","","33,144","32,813","-","-","33,333","-","49,471"
"Census Tract 4228, Alameda County, California","","","","","","","","","","","","","","","","","","","","","","","","","","","","","","","","","","","","","","","","","","","","","","",""
"    Number","","","","","","","","","","","","","","","","","","","","","","","","","","","","","","","","","","","","","","","","","","","","","","",""
"        Estimate","","1,345","","435","39","4","738","4","61","64","131","405","","721","534","33","57","","41","0","41","13","0","28","0","0","0","","20","21","0","0","0","0","","4","28","9","0","","1,304","764","305","459","540","381","159"
"    Percent Distribution","","","","","","","","","","","","","","","","","","","","","","","","","","","","","","","","","","","","","","","","","","","","","","",""
"        Estimate","","1,345","","32.3%","2.9%","0.3%","54.9%","0.3%","4.5%","4.8%","9.7%","30.1%","","53.6%","39.7%","2.5%","4.2%","","41","0.0%","100.0%","31.7%","0.0%","68.3%","0.0%","0.0%","0.0%","","48.8%","51.2%","0.0%","0.0%","0.0%","0.0%","","9.8%","68.3%","22.0%","0.0%","","1,304","58.6%","23.4%","35.2%","41.4%","29.2%","12.2%"
"    Median income (dollars)","","","","","","","","","","","","","","","","","","","","","","","","","","","","","","","","","","","","","","","","","","","","","","",""
"        Estimate","","20,579","","26,250","-","-","-","-","-","46,000","26,250","22,452","","11,420","34,527","-","26,094","","-","-","-","-","-","-","-","-","-","","-","-","-","-","-","-","","-","-","-","-","","20,610","19,500","34,491","9,659","23,676","16,815","48,015"
"Census Tract 4229.01, Alameda County, California","","","","","","","","","","","","","","","","","","","","","","","","","","","","","","","","","","","","","","","","","","","","","","",""
"    Number","","","","","","","","","","","","","","","","","","","","","","","","","","","","","","","","","","","","","","","","","","","","","","",""
"        Estimate","","985","","360","0","0","509","57","0","59","17","343","","328","438","103","116","","338","32","306","248","32","50","0","40","0","","278","36","24","0","0","0","","0","143","163","32","","647","332","131","201","315","172","143"
"    Percent Distribution","","","","","","","","","","","","","","","","","","","","","","","","","","","","","","","","","","","","","","","","","","","","","","",""
"        Estimate","","985","","36.5%","0.0%","0.0%","51.7%","5.8%","0.0%","6.0%","1.7%","34.8%","","33.3%","44.5%","10.5%","11.8%","","338","9.5%","90.5%","73.4%","9.5%","14.8%","0.0%","11.8%","0.0%","","82.2%","10.7%","7.1%","0.0%","0.0%","0.0%","","0.0%","42.3%","48.2%","9.5%","","647","51.3%","20.2%","31.1%","48.7%","26.6%","22.1%"
"    Median income (dollars)","","","","","","","","","","","","","","","","","","","","","","","","","","","","","","","","","","","","","","","","","","","","","","",""
"        Estimate","","44,933","","56,875","-","-","47,868","-","-","-","-","70,264","","19,022","-","-","70,577","","62,312","-","62,258","70,481","-","-","-","-","-","","61,882","-","-","-","-","-","","-","61,525","-","-","","30,250","23,214","31,917","-","-","25,547","108,417"
"Census Tract 4229.02, Alameda County, California","","","","","","","","","","","","","","","","","","","","","","","","","","","","","","","","","","","","","","","","","","","","","","",""
"    Number","","","","","","","","","","","","","","","","","","","","","","","","","","","","","","","","","","","","","","","","","","","","","","",""
"        Estimate","","1,413","","563","190","0","323","0","207","130","46","517","","313","761","327","12","","372","236","136","134","100","195","136","43","0","","217","140","15","0","0","0","","77","214","66","15","","1,041","424","248","176","617","421","196"
"    Percent Distribution","","","","","","","","","","","","","","","","","","","","","","","","","","","","","","","","","","","","","","","","","","","","","","",""
"        Estimate","","1,413","","39.8%","13.4%","0.0%","22.9%","0.0%","14.6%","9.2%","3.3%","36.6%","","22.2%","53.9%","23.1%","0.8%","","372","63.4%","36.6%","36.0%","26.9%","52.4%","36.6%","11.6%","0.0%","","58.3%","37.6%","4.0%","0.0%","0.0%","0.0%","","20.7%","57.5%","17.7%","4.0%","","1,041","40.7%","23.8%","16.9%","59.3%","40.4%","18.8%"
"    Median income (dollars)","","","","","","","","","","","","","","","","","","","","","","","","","","","","","","","","","","","","","","","","","","","","","","",""
"        Estimate","","31,012","","-","-","-","20,181","-","-","28,402","-","-","","-","55,489","31,384","-","","-","-","-","107,991","-","28,338","-","-","-","","28,621","74,125","-","-","-","-","","23,301","-","-","-","","30,808","30,304","30,286","-","-","-","-"
"Census Tract 4230, Alameda County, California","","","","","","","","","","","","","","","","","","","","","","","","","","","","","","","","","","","","","","","","","","","","","","",""
"    Number","","","","","","","","","","","","","","","","","","","","","","","","","","","","","","","","","","","","","","","","","","","","","","",""
"        Estimate","","1,979","","1,246","167","0","377","0","53","136","186","1,234","","115","766","734","364","","929","375","554","705","213","208","162","16","0","","582","171","151","25","0","0","","104","361","353","111","","1,050","502","349","153","548","178","370"
"    Percent Distribution","","","","","","","","","","","","","","","","","","","","","","","","","","","","","","","","","","","","","","","","","","","","","","",""
"        Estimate","","1,979","","63.0%","8.4%","0.0%","19.1%","0.0%","2.7%","6.9%","9.4%","62.4%","","5.8%","38.7%","37.1%","18.4%","","929","40.4%","59.6%","75.9%","22.9%","22.4%","17.4%","1.7%","0.0%","","62.6%","18.4%","16.3%","2.7%","0.0%","0.0%","","11.2%","38.9%","38.0%","11.9%","","1,050","47.8%","33.2%","14.6%","52.2%","17.0%","35.2%"
"    Median income (dollars)","","","","","","","","","","","","","","","","","","","","","","","","","","","","","","","","","","","","","","","","","","","","","","",""
"        Estimate","","81,549","","83,060","-","-","-","-","-","72,222","53,013","82,880","","-","93,629","-","62,296","","110,994","111,960","-","142,534","170,104","52,500","-","-","-","","81,613","-","143,615","250,000+","-","-","","81,694","73,583","171,979","-","","67,786","59,722","44,196","132,232","68,500","30,962","-"
"Census Tract 4231, Alameda County, California","","","","","","","","","","","","","","","","","","","","","","","","","","","","","","","","","","","","","","","","","","","","","","",""
"    Number","","","","","","","","","","","","","","","","","","","","","","","","","","","","","","","","","","","","","","","","","","","","","","",""
"        Estimate","","2,011","","999","563","22","308","8","9","102","93","960","","51","637","713","610","","958","380","578","529","257","394","97","35","26","","359","400","191","0","8","0","","164","418","323","53","","1,053","511","391","120","542","427","115"
"    Percent Distribution","","","","","","","","","","","","","","","","","","","","","","","","","","","","","","","","","","","","","","","","","","","","","","",""
"        Estimate","","2,011","","49.7%","28.0%","1.1%","15.3%","0.4%","0.4%","5.1%","4.6%","47.7%","","2.5%","31.7%","35.5%","30.3%","","958","39.7%","60.3%","55.2%","26.8%","41.1%","10.1%","3.7%","2.7%","","37.5%","41.8%","19.9%","0.0%","0.8%","0.0%","","17.1%","43.6%","33.7%","5.5%","","1,053","48.5%","37.1%","11.4%","51.5%","40.6%","10.9%"
"    Median income (dollars)","","","","","","","","","","","","","","","","","","","","","","","","","","","","","","","","","","","","","","","","","","","","","","",""
"        Estimate","","69,057","","104,917","29,775","-","71,210","-","-","74,554","52,361","108,750","","-","103,640","90,464","32,838","","65,714","131,071","33,618","138,281","163,750","29,006","-","-","-","","42,625","-","-","-","-","-","","25,227","-","146,458","-","","72,545","70,282","46,484","82,000","88,750","68,938","151,797"
"Census Tract 4232, Alameda County, California","","","","","","","","","","","","","","","","","","","","","","","","","","","","","","","","","","","","","","","","","","","","","","",""
"    Number","","","","","","","","","","","","","","","","","","","","","","","","","","","","","","","","","","","","","","","","","","","","","","",""
"        Estimate","","1,123","","567","272","8","91","20","129","36","223","490","","112","398","413","200","","606","283","323","322","142","198","97","86","44","","202","246","95","37","0","26","","69","166","318","53","","517","199","137","62","318","222","96"
"    Percent Distribution","","","","","","","","","","","","","","","","","","","","","","","","","","","","","","","","","","","","","","","","","","","","","","",""
"        Estimate","","1,123","","50.5%","24.2%","0.7%","8.1%","1.8%","11.5%","3.2%","19.9%","43.6%","","10.0%","35.4%","36.8%","17.8%","","606","46.7%","53.3%","53.1%","23.4%","32.7%","16.0%","14.2%","7.3%","","33.3%","40.6%","15.7%","6.1%","0.0%","4.3%","","11.4%","27.4%","52.5%","8.7%","","517","38.5%","26.5%","12.0%","61.5%","42.9%","18.6%"
"    Median income (dollars)","","","","","","","","","","","","","","","","","","","","","","","","","","","","","","","","","","","","","","","","","","","","","","",""
"        Estimate","","77,063","","105,893","36,250","-","-","-","58,894","-","68,098","102,396","","-","67,500","107,054","77,222","","118,333","58,413","133,075","129,167","153,553","-","-","-","-","","95,556","133,950","-","-","-","-","","-","46,458","133,850","250,000+","","53,375","54,875","37,969","107,500","-","-","104,643"
"Census Tract 4233, Alameda County, California","","","","","","","","","","","","","","","","","","","","","","","","","","","","","","","","","","","","","","","","","","","","","","",""
"    Number","","","","","","","","","","","","","","","","","","","","","","","","","","","","","","","","","","","","","","","","","","","","","","",""
"        Estimate","","1,427","","807","376","18","82","0","35","109","108","749","","0","454","544","429","","760","399","361","612","309","118","67","30","23","","312","205","178","0","29","36","","119","218","311","112","","667","357","247","110","310","225","85"
"    Percent Distribution","","","","","","","","","","","","","","","","","","","","","","","","","","","","","","","","","","","","","","","","","","","","","","",""
"        Estimate","","1,427","","56.6%","26.3%","1.3%","5.7%","0.0%","2.5%","7.6%","7.6%","52.5%","","0.0%","31.8%","38.1%","30.1%","","760","52.5%","47.5%","80.5%","40.7%","15.5%","8.8%","3.9%","3.0%","","41.1%","27.0%","23.4%","0.0%","3.8%","4.7%","","15.7%","28.7%","40.9%","14.7%","","667","53.5%","37.0%","16.5%","46.5%","33.7%","12.7%"
"    Median income (dollars)","","","","","","","","","","","","","","","","","","","","","","","","","","","","","","","","","","","","","","","","","","","","","","",""
"        Estimate","","85,156","","146,435","28,571","-","140,156","-","-","-","-","145,972","","-","122,604","107,813","39,236","","147,315","151,027","140,724","159,397","158,984","52,639","-","-","-","","136,905","159,297","166,300","-","-","-","","-","113,438","164,688","159,427","","32,841","24,688","23,381","64,483","62,560","38,681","-"
"Census Tract 4234, Alameda County, California","","","","","","","","","","","","","","","","","","","","","","","","","","","","","","","","","","","","","","","","","","","","","","",""
"    Number","","","","","","","","","","","","","","","","","","","","","","","","","","","","","","","","","","","","","","","","","","","","","","",""
"        Estimate","","2,127","","1,194","371","0","320","0","112","130","200","1,149","","141","749","667","570","","987","415","572","710","338","188","77","89","0","","444","177","289","22","10","45","","113","179","576","119","","1,140","616","435","181","524","346","178"
"    Percent Distribution","","","","","","","","","","","","","","","","","","","","","","","","","","","","","","","","","","","","","","","","","","","","","","",""
"        Estimate","","2,127","","56.1%","17.4%","0.0%","15.0%","0.0%","5.3%","6.1%","9.4%","54.0%","","6.6%","35.2%","31.4%","26.8%","","987","42.0%","58.0%","71.9%","34.2%","19.0%","7.8%","9.0%","0.0%","","45.0%","17.9%","29.3%","2.2%","1.0%","4.6%","","11.4%","18.1%","58.4%","12.1%","","1,140","54.0%","38.2%","15.9%","46.0%","30.4%","15.6%"
"    Median income (dollars)","","","","","","","","","","","","","","","","","","","","","","","","","","","","","","","","","","","","","","","","","","","","","","",""
"        Estimate","","73,862","","99,245","-","-","-","-","69,444","-","69,786","98,750","","72,031","134,063","95,268","-","","115,404","173,417","97,877","156,333","192,692","-","-","-","-","","102,845","161,343","92,188","-","-","-","","-","-","134,196","230,917","","46,379","-","25,959","152,950","54,773","-","223,247"
"Census Tract 4235, Alameda County, California","","","","","","","","","","","","","","","","","","","","","","","","","","","","","","","","","","","","","","","","","","","","","","",""
"    Number","","","","","","","","","","","","","","","","","","","","","","","","","","","","","","","","","","","","","","","","","","","","","","",""
"        Estimate","","1,444","","818","235","11","159","0","30","191","153","786","","97","514","433","400","","661","247","414","433","140","203","107","25","0","","339","205","86","31","0","0","","51","241","315","54","","783","396","279","117","387","253","134"
"    Percent Distribution","","","","","","","","","","","","","","","","","","","","","","","","","","","","","","","","","","","","","","","","","","","","","","",""
"        Estimate","","1,444","","56.6%","16.3%","0.8%","11.0%","0.0%","2.1%","13.2%","10.6%","54.4%","","6.7%","35.6%","30.0%","27.7%","","661","37.4%","62.6%","65.5%","21.2%","30.7%","16.2%","3.8%","0.0%","","51.3%","31.0%","13.0%","4.7%","0.0%","0.0%","","7.7%","36.5%","47.7%","8.2%","","783","50.6%","35.6%","14.9%","49.4%","32.3%","17.1%"
"    Median income (dollars)","","","","","","","","","","","","","","","","","","","","","","","","","","","","","","","","","","","","","","","","","","","","","","",""
"        Estimate","","71,352","","78,833","29,922","-","-","-","-","-","75,625","78,333","","30,398","108,750","78,836","21,548","","79,779","-","77,386","162,829","250,000+","70,024","70,118","-","-","","77,284","75,917","250,000+","-","-","-","","-","70,307","193,977","250,000+","","29,776","28,590","16,607","153,245","-","-","81,818"
"Census Tract 4236.01, Alameda County, California","","","","","","","","","","","","","","","","","","","","","","","","","","","","","","","","","","","","","","","","","","","","","","",""
"    Number","","","","","","","","","","","","","","","","","","","","","","","","","","","","","","","","","","","","","","","","","","","","","","",""
"        Estimate","","1,184","","939","40","0","121","0","25","59","63","902","","53","407","321","403","","585","163","422","510","148","27","15","48","0","","350","97","131","1","6","0","","39","234","249","63","","599","367","240","127","232","167","65"
"    Percent Distribution","","","","","","","","","","","","","","","","","","","","","","","","","","","","","","","","","","","","","","","","","","","","","","",""
"        Estimate","","1,184","","79.3%","3.4%","0.0%","10.2%","0.0%","2.1%","5.0%","5.3%","76.2%","","4.5%","34.4%","27.1%","34.0%","","585","27.9%","72.1%","87.2%","25.3%","4.6%","2.6%","8.2%","0.0%","","59.8%","16.6%","22.4%","0.2%","1.0%","0.0%","","6.7%","40.0%","42.6%","10.8%","","599","61.3%","40.1%","21.2%","38.7%","27.9%","10.9%"
"    Median income (dollars)","","","","","","","","","","","","","","","","","","","","","","","","","","","","","","","","","","","","","","","","","","","","","","",""
"        Estimate","","119,674","","132,625","-","-","95,739","-","-","106,250","113,625","137,781","","-","113,750","161,625","129,625","","139,858","195,521","139,146","139,873","197,083","-","-","250,000+","-","","137,753","250,000+","169,479","-","-","-","","129,375","138,345","155,875","250,000+","","71,875","79,531","51,250","117,772","70,250","97,639","-"
"Census Tract 4236.02, Alameda County, California","","","","","","","","","","","","","","","","","","","","","","","","","","","","","","","","","","","","","","","","","","","","","","",""
"    Number","","","","","","","","","","","","","","","","","","","","","","","","","","","","","","","","","","","","","","","","","","","","","","",""
"        Estimate","","2,274","","1,353","0","27","663","26","54","151","183","1,240","","745","768","332","429","","581","159","422","499","128","51","0","31","31","","377","123","50","31","0","0","","13","270","272","26","","1,693","983","473","510","710","311","399"
"    Percent Distribution","","","","","","","","","","","","","","","","","","","","","","","","","","","","","","","","","","","","","","","","","","","","","","",""
"        Estimate","","2,274","","59.5%","0.0%","1.2%","29.2%","1.1%","2.4%","6.6%","8.0%","54.5%","","32.8%","33.8%","14.6%","18.9%","","581","27.4%","72.6%","85.9%","22.0%","8.8%","0.0%","5.3%","5.3%","","64.9%","21.2%","8.6%","5.3%","0.0%","0.0%","","2.2%","46.5%","46.8%","4.5%","","1,693","58.1%","27.9%","30.1%","41.9%","18.4%","23.6%"
"    Median income (dollars)","","","","","","","","","","","","","","","","","","","","","","","","","","","","","","","","","","","","","","","","","","","","","","",""
"        Estimate","","60,228","","62,286","-","-","19,040","-","-","-","-","72,292","","14,199","105,887","-","61,738","","-","250,000+","62,234","-","250,000+","-","-","-","-","","62,419","-","-","-","-","-","","-","61,509","146,935","-","","42,468","34,485","-","42,500","44,189","61,719","33,882"
"Census Tract 4237, Alameda County, California","","","","","","","","","","","","","","","","","","","","","","","","","","","","","","","","","","","","","","","","","","","","","","",""
"    Number","","","","","","","","","","","","","","","","","","","","","","","","","","","","","","","","","","","","","","","","","","","","","","",""
"        Estimate","","1,242","","950","16","18","168","0","7","83","105","870","","145","275","467","355","","563","286","277","482","222","76","64","5","0","","281","91","116","67","0","8","","51","124","375","13","","679","446","283","163","233","188","45"
"    Percent Distribution","","","","","","","","","","","","","","","","","","","","","","","","","","","","","","","","","","","","","","","","","","","","","","",""
"        Estimate","","1,242","","76.5%","1.3%","1.4%","13.5%","0.0%","0.6%","6.7%","8.5%","70.0%","","11.7%","22.1%","37.6%","28.6%","","563","50.8%","49.2%","85.6%","39.4%","13.5%","11.4%","0.9%","0.0%","","49.9%","16.2%","20.6%","11.9%","0.0%","1.4%","","9.1%","22.0%","66.6%","2.3%","","679","65.7%","41.7%","24.0%","34.3%","27.7%","6.6%"
"    Median income (dollars)","","","","","","","","","","","","","","","","","","","","","","","","","","","","","","","","","","","","","","","","","","","","","","",""
"        Estimate","","102,763","","119,500","-","-","-","-","-","-","79,226","128,043","","10,573","104,013","250,000+","56,719","","250,000+","250,000+","111,055","250,000+","250,000+","250,000+","250,000+","-","-","","111,211","250,000+","250,000+","-","-","-","","136,042","113,900","250,000+","-","","39,375","36,667","43,750","-","-","-","-"
"Census Tract 4238, Alameda County, California","","","","","","","","","","","","","","","","","","","","","","","","","","","","","","","","","","","","","","","","","","","","","","",""
"    Number","","","","","","","","","","","","","","","","","","","","","","","","","","","","","","","","","","","","","","","","","","","","","","",""
"        Estimate","","1,377","","1,185","8","0","144","0","0","40","38","1,147","","6","368","433","570","","762","189","573","716","179","33","10","13","0","","485","134","107","29","5","2","","186","193","316","67","","615","331","220","111","284","182","102"
"    Percent Distribution","","","","","","","","","","","","","","","","","","","","","","","","","","","","","","","","","","","","","","","","","","","","","","",""
"        Estimate","","1,377","","86.1%","0.6%","0.0%","10.5%","0.0%","0.0%","2.9%","2.8%","83.3%","","0.4%","26.7%","31.4%","41.4%","","762","24.8%","75.2%","94.0%","23.5%","4.3%","1.3%","1.7%","0.0%","","63.6%","17.6%","14.0%","3.8%","0.7%","0.3%","","24.4%","25.3%","41.5%","8.8%","","615","53.8%","35.8%","18.0%","46.2%","29.6%","16.6%"
"    Median income (dollars)","","","","","","","","","","","","","","","","","","","","","","","","","","","","","","","","","","","","","","","","","","","","","","",""
"        Estimate","","181,938","","185,954","-","-","160,000","-","-","-","250,000+","185,362","","-","185,417","180,759","182,222","","232,813","250,000+","192,242","250,000+","250,000+","90,125","-","-","-","","195,313","250,000+","250,000+","-","-","-","","168,333","250,000+","250,000+","250,000+","","118,657","100,489","75,982","153,250","121,528","121,319","-"
"Census Tract 4239.01, Alameda County, California","","","","","","","","","","","","","","","","","","","","","","","","","","","","","","","","","","","","","","","","","","","","","","",""
"    Number","","","","","","","","","","","","","","","","","","","","","","","","","","","","","","","","","","","","","","","","","","","","","","",""
"        Estimate","","845","","503","92","12","96","0","47","95","124","450","","34","358","290","163","","424","143","281","326","119","57","24","41","0","","269","65","59","22","5","4","","58","39","303","24","","421","201","148","53","220","121","99"
"    Percent Distribution","","","","","","","","","","","","","","","","","","","","","","","","","","","","","","","","","","","","","","","","","","","","","","",""
"        Estimate","","845","","59.5%","10.9%","1.4%","11.4%","0.0%","5.6%","11.2%","14.7%","53.3%","","4.0%","42.4%","34.3%","19.3%","","424","33.7%","66.3%","76.9%","28.1%","13.4%","5.7%","9.7%","0.0%","","63.4%","15.3%","13.9%","5.2%","1.2%","0.9%","","13.7%","9.2%","71.5%","5.7%","","421","47.7%","35.2%","12.6%","52.3%","28.7%","23.5%"
"    Median income (dollars)","","","","","","","","","","","","","","","","","","","","","","","","","","","","","","","","","","","","","","","","","","","","","","",""
"        Estimate","","99,271","","127,404","26,731","-","-","-","48,523","122,917","-","131,250","","-","137,540","92,143","43,750","","138,992","133,021","139,375","139,919","148,542","-","-","-","-","","139,173","129,792","133,036","250,000+","-","-","","-","-","139,496","171,250","","71,726","68,958","59,219","-","72,024","60,313","103,750"
"Census Tract 4239.02, Alameda County, California","","","","","","","","","","","","","","","","","","","","","","","","","","","","","","","","","","","","","","","","","","","","","","",""
"    Number","","","","","","","","","","","","","","","","","","","","","","","","","","","","","","","","","","","","","","","","","","","","","","",""
"        Estimate","","709","","621","15","0","57","0","0","16","41","580","","51","335","179","144","","286","115","171","265","99","7","7","14","9","","151","59","76","0","0","0","","19","63","181","23","","423","289","242","47","134","90","44"
"    Percent Distribution","","","","","","","","","","","","","","","","","","","","","","","","","","","","","","","","","","","","","","","","","","","","","","",""
"        Estimate","","709","","87.6%","2.1%","0.0%","8.0%","0.0%","0.0%","2.3%","5.8%","81.8%","","7.2%","47.2%","25.2%","20.3%","","286","40.2%","59.8%","92.7%","34.6%","2.4%","2.4%","4.9%","3.1%","","52.8%","20.6%","26.6%","0.0%","0.0%","0.0%","","6.6%","22.0%","63.3%","8.0%","","423","68.3%","57.2%","11.1%","31.7%","21.3%","10.4%"
"    Median income (dollars)","","","","","","","","","","","","","","","","","","","","","","","","","","","","","","","","","","","","","","","","","","","","","","",""
"        Estimate","","150,164","","150,362","136,563","-","154,306","-","-","-","-","151,316","","-","169,750","150,347","88,750","","200,119","200,536","156,042","201,369","201,488","-","-","-","-","","154,861","182,292","201,071","-","-","-","","127,250","-","224,844","-","","78,295","86,750","88,929","-","50,000","-","-"
"Census Tract 4240.01, Alameda County, California","","","","","","","","","","","","","","","","","","","","","","","","","","","","","","","","","","","","","","","","","","","","","","",""
"    Number","","","","","","","","","","","","","","","","","","","","","","","","","","","","","","","","","","","","","","","","","","","","","","",""
"        Estimate","","1,375","","771","244","5","122","0","179","54","243","724","","69","610","451","245","","671","376","295","522","272","114","69","35","35","","291","140","179","50","11","0","","41","286","312","32","","704","364","182","182","340","127","213"
"    Percent Distribution","","","","","","","","","","","","","","","","","","","","","","","","","","","","","","","","","","","","","","","","","","","","","","",""
"        Estimate","","1,375","","56.1%","17.7%","0.4%","8.9%","0.0%","13.0%","3.9%","17.7%","52.7%","","5.0%","44.4%","32.8%","17.8%","","671","56.0%","44.0%","77.8%","40.5%","17.0%","10.3%","5.2%","5.2%","","43.4%","20.9%","26.7%","7.5%","1.6%","0.0%","","6.1%","42.6%","46.5%","4.8%","","704","51.7%","25.9%","25.9%","48.3%","18.0%","30.3%"
"    Median income (dollars)","","","","","","","","","","","","","","","","","","","","","","","","","","","","","","","","","","","","","","","","","","","","","","",""
"        Estimate","","76,958","","110,893","33,500","-","63,409","-","38,849","121,250","39,638","112,500","","70,521","104,808","86,422","31,648","","107,944","108,306","106,797","120,294","146,500","54,688","49,688","-","-","","103,365","176,471","85,764","120,147","-","-","","-","49,907","175,441","122,353","","41,196","33,667","13,974","75,357","71,607","-","100,341"